<assembly xmlns="http://maven.apache.org/plugins/maven-assembly-plugin/assembly/1.1.2" 
  xmlns:xsi="http://www.w3.org/2001/XMLSchema-instance"
  xsi:schemaLocation="http://maven.apache.org/plugins/maven-assembly-plugin/assembly/1.1.2 http://maven.apache.org/xsd/assembly-1.1.2.xsd">
  <id>library</id>
  <formats>
    <format>zip</format>
  </formats>
  <fileSets>
    <fileSet>
      <directory>${project.basedir}</directory>
      <outputDirectory>/</outputDirectory>
      <useDefaultExcludes>true</useDefaultExcludes>
      <excludes>
        <exclude>**/*.log</exclude>
        <exclude>**/*.classpath</exclude>
        <exclude>**/*.project</exclude>
        <exclude>**/*.settings</exclude>
        <exclude>**/*.idea</exclude>
        <exclude>**/*.iml</exclude>
        <exclude>**/${project.build.directory}/**</exclude>
        <exclude>**/buy-app/**</exclude>
        <exclude>**/buy-test/**</exclude>
      </excludes>
    </fileSet>
  </fileSets>
</assembly>
